<BackupInst xmlns="http://www.microsoft.com/GroupPolicy/GPOOperations/Manifest"><GPOGuid><![CDATA[{AE728F43-7A8F-4FC6-8DC9-D8C5F6191083}]]></GPOGuid><GPODomain><![CDATA[condef.local]]></GPODomain><GPODomainGuid><![CDATA[{186c9ac2-ad52-4abf-bb2a-afc4411e1f3c}]]></GPODomainGuid><GPODomainController><![CDATA[dc.condef.local]]></GPODomainController><BackupTime><![CDATA[2024-06-22T15:28:54]]></BackupTime><ID><![CDATA[{1EC5CE51-E1B4-4A71-BEE6-9B253EF5A6E0}]]></ID><Comment><![CDATA[Constructing Defense GPO]]></Comment><GPODisplayName><![CDATA[GPO-Logging]]></GPODisplayName></BackupInst>
