<BackupInst xmlns="http://www.microsoft.com/GroupPolicy/GPOOperations/Manifest"><GPOGuid><![CDATA[{B20D9C12-2AFF-4552-B836-37958FA33F77}]]></GPOGuid><GPODomain><![CDATA[condef.local]]></GPODomain><GPODomainGuid><![CDATA[{186c9ac2-ad52-4abf-bb2a-afc4411e1f3c}]]></GPODomainGuid><GPODomainController><![CDATA[dc.condef.local]]></GPODomainController><BackupTime><![CDATA[2024-06-22T15:28:54]]></BackupTime><ID><![CDATA[{A10E5A3E-F387-4A1C-B5CC-21F3030C56DE}]]></ID><Comment><![CDATA[Constructing Defense GPO]]></Comment><GPODisplayName><![CDATA[GPO-DisableDefender]]></GPODisplayName></BackupInst>
