<BackupInst xmlns="http://www.microsoft.com/GroupPolicy/GPOOperations/Manifest"><GPOGuid><![CDATA[{6AC1786C-016F-11D2-945F-00C04fB984F9}]]></GPOGuid><GPODomain><![CDATA[condef.local]]></GPODomain><GPODomainGuid><![CDATA[{186c9ac2-ad52-4abf-bb2a-afc4411e1f3c}]]></GPODomainGuid><GPODomainController><![CDATA[dc.condef.local]]></GPODomainController><BackupTime><![CDATA[2024-06-22T15:28:53]]></BackupTime><ID><![CDATA[{7E2A4380-3FC3-4AFE-8A18-CBCF549597F8}]]></ID><Comment><![CDATA[Constructing Defense GPO]]></Comment><GPODisplayName><![CDATA[Default Domain Controllers Policy]]></GPODisplayName></BackupInst>
