<Backups xmlns="http://www.microsoft.com/GroupPolicy/GPOOperations/Manifest" xmlns:mfst="http://www.microsoft.com/GroupPolicy/GPOOperations/Manifest" mfst:version="1.0"><BackupInst><GPOGuid><![CDATA[{AE728F43-7A8F-4FC6-8DC9-D8C5F6191083}]]></GPOGuid><GPODomain><![CDATA[condef.local]]></GPODomain><GPODomainGuid><![CDATA[{186c9ac2-ad52-4abf-bb2a-afc4411e1f3c}]]></GPODomainGuid><GPODomainController><![CDATA[dc.condef.local]]></GPODomainController><BackupTime><![CDATA[2024-06-22T15:28:54]]></BackupTime><ID><![CDATA[{1EC5CE51-E1B4-4A71-BEE6-9B253EF5A6E0}]]></ID><Comment><![CDATA[Constructing Defense GPO]]></Comment><GPODisplayName><![CDATA[GPO-Logging]]></GPODisplayName></BackupInst><BackupInst><GPOGuid><![CDATA[{B20D9C12-2AFF-4552-B836-37958FA33F77}]]></GPOGuid><GPODomain><![CDATA[condef.local]]></GPODomain><GPODomainGuid><![CDATA[{186c9ac2-ad52-4abf-bb2a-afc4411e1f3c}]]></GPODomainGuid><GPODomainController><![CDATA[dc.condef.local]]></GPODomainController><BackupTime><![CDATA[2024-06-22T15:28:54]]></BackupTime><ID><![CDATA[{A10E5A3E-F387-4A1C-B5CC-21F3030C56DE}]]></ID><Comment><![CDATA[Constructing Defense GPO]]></Comment><GPODisplayName><![CDATA[GPO-DisableDefender]]></GPODisplayName></BackupInst><BackupInst><GPOGuid><![CDATA[{4B64DA4C-DF58-415B-BEC1-30F16A59A8AA}]]></GPOGuid><GPODomain><![CDATA[condef.local]]></GPODomain><GPODomainGuid><![CDATA[{186c9ac2-ad52-4abf-bb2a-afc4411e1f3c}]]></GPODomainGuid><GPODomainController><![CDATA[dc.condef.local]]></GPODomainController><BackupTime><![CDATA[2024-06-22T15:28:54]]></BackupTime><ID><![CDATA[{4D35BF55-4088-4830-B799-FF57B46D9FD9}]]></ID><Comment><![CDATA[Constructing Defense GPO]]></Comment><GPODisplayName><![CDATA[GPO-CertEnroll]]></GPODisplayName></BackupInst><BackupInst><GPOGuid><![CDATA[{31B2F340-016D-11D2-945F-00C04FB984F9}]]></GPOGuid><GPODomain><![CDATA[condef.local]]></GPODomain><GPODomainGuid><![CDATA[{186c9ac2-ad52-4abf-bb2a-afc4411e1f3c}]]></GPODomainGuid><GPODomainController><![CDATA[dc.condef.local]]></GPODomainController><BackupTime><![CDATA[2024-06-22T15:28:54]]></BackupTime><ID><![CDATA[{0BDD2865-14A9-464C-9CAB-F21D12727297}]]></ID><Comment><![CDATA[Constructing Defense GPO]]></Comment><GPODisplayName><![CDATA[Default Domain Policy]]></GPODisplayName></BackupInst><BackupInst><GPOGuid><![CDATA[{6AC1786C-016F-11D2-945F-00C04fB984F9}]]></GPOGuid><GPODomain><![CDATA[condef.local]]></GPODomain><GPODomainGuid><![CDATA[{186c9ac2-ad52-4abf-bb2a-afc4411e1f3c}]]></GPODomainGuid><GPODomainController><![CDATA[dc.condef.local]]></GPODomainController><BackupTime><![CDATA[2024-06-22T15:28:53]]></BackupTime><ID><![CDATA[{7E2A4380-3FC3-4AFE-8A18-CBCF549597F8}]]></ID><Comment><![CDATA[Constructing Defense GPO]]></Comment><GPODisplayName><![CDATA[Default Domain Controllers Policy]]></GPODisplayName></BackupInst></Backups>