<BackupInst xmlns="http://www.microsoft.com/GroupPolicy/GPOOperations/Manifest"><GPOGuid><![CDATA[{4B64DA4C-DF58-415B-BEC1-30F16A59A8AA}]]></GPOGuid><GPODomain><![CDATA[condef.local]]></GPODomain><GPODomainGuid><![CDATA[{186c9ac2-ad52-4abf-bb2a-afc4411e1f3c}]]></GPODomainGuid><GPODomainController><![CDATA[dc.condef.local]]></GPODomainController><BackupTime><![CDATA[2024-06-22T15:28:54]]></BackupTime><ID><![CDATA[{4D35BF55-4088-4830-B799-FF57B46D9FD9}]]></ID><Comment><![CDATA[Constructing Defense GPO]]></Comment><GPODisplayName><![CDATA[GPO-CertEnroll]]></GPODisplayName></BackupInst>
